147.4217268,77.43254834,471.9865304
149.7074612,60.56207017,473.7300515
147.2609212,48.84024133,475.8456703
141.496658,21.39514218,479.6052477
132.5354832,14.99348,482.4000324
75.38459828,55.35613271,491.6839543
60.95864451,-2.620599898,496.7669737
77.18592142,-20.81330197,494.0742758
91.41045396,-59.69485972,488.447441
97.63355414,-71.38578132,485.6665619
26.32385034,-84.04190397,492.6908395
41.92900455,-17.03068893,498.449761
10.46655347,64.46219609,496.221046
53.38593214,86.33734336,490.0980059
75.38459828,55.35613271,491.6839543
0,0,0
41.92900455,-17.03068893,498.449761
51.87072142,-10.48168115,497.6944973
60.95864451,-2.620599898,496.7669737
0,0,0
10.46655347,64.46219609,496.221046
-5.131086248,83.89837805,493.3913093
-16.010916,127.5690615,483.7044915
11.50539214,173.3681706,469.3733625
0,0,0
-5.131086248,83.89837805,493.3913093
-25.25098455,122.9174825,484.5141177
-8.030333237,172.2750926,469.8479075
0,0,0
-170.4830209,264.3597739,389.2938472
-161.2957238,263.617629,393.6872936
-132.0774525,252.1388755,411.6816537
-86.32876133,212.5754578,444.8137472
-46.25463906,191.667557,460.0264188
-29.974075,191.5330579,461.4291848
0,0,0
-86.32876133,212.5754578,444.8137472
-59.20353312,172.9583761,465.9190829
0,0,0
-200.6123242,206.7587671,409.2746725
-181.426111,226.443572,407.8089319
-161.7826985,233.4265135,412.1148763
-132.0774525,252.1388755,411.6816537
-94.75815718,279.6346024,404.1356589
0,0,0
-195.9712488,235.0990552,396.0100427
-181.426111,226.443572,407.8089319
-158.9569705,187.3556038,436.0399171
-129.3929965,175.8241543,450.3815818
-78.65990294,141.3118991,473.6494662
0,0,0
-158.9569705,187.3556038,436.0399171
-160.3600313,142.4288442,452.2155843
-95.80458598,111.7366831,478.3687333
0,0,0
-291.7146827,240.8625109,327.7011515
-304.4788481,183.1629148,352.4829467
-313.0886912,155.9086492,358.0058862
-277.1984799,80.02053444,408.9718411
-252.9930583,113.5807753,416.6463368
-304.4788481,183.1629148,352.4829467
0,0,0
-313.0886912,155.9086492,358.0058862
-344.0439553,102.920256,348.6279216
0,0,0
-209.2580486,45.65157942,452.3574388
-183.8302314,72.10621093,459.8993264
0,0,0
-116.0641196,-146.7496664,464.2132113
-114.68024,-104.4869858,475.8478353
-132.3474522,-134.8748002,463.4578623
-116.0641196,-146.7496664,464.2132113
-93.82389893,-143.963383,470.0764516
-78.25409596,-156.6002122,468.884762
-75.30905578,-165.010168,466.4766238
-47.08323211,-154.2475552,473.8049292
0,0,0
-93.82389893,-143.963383,470.0764516
-124.33488,-202.2408038,440.6129196
-131.8193763,-222.5399072,428.4855794
-110.8095764,-242.3925029,423.6358841
-106.8298053,-205.1664784,443.8404655
-75.30905578,-165.010168,466.4766238
-63.62150694,-198.9061263,454.8504224
0,0,0
-131.8193763,-222.5399072,428.4855794
-143.2724594,-225.4042686,423.2802477
-156.5652531,-244.9359171,407.4235732
0,0,0
-110.8095764,-242.3925029,423.6358841
-38.31668717,-250.7541675,431.4561727
0,0,0
-110.8095764,-242.3925029,423.6358841
-91.04633167,-269.0412316,412.1014817
0,0,0
-87.66844955,85.90708943,485.2158952
-71.01624754,63.88464475,491.3000048
-51.64281153,40.13956163,496.2077041
-103.6839392,20.95876469,489.193848
-154.3455516,-4.36763189,476.0867825
-252.4721124,-12.22830517,431.9821189
-265.9739247,-26.04875497,423.1779575
0,0,0
-71.01624754,63.88464475,491.3000048
-103.6839392,20.95876469,489.193848
0,0,0
-252.4721124,-12.22830517,431.9821189
-211.0256602,-83.03707385,446.1762713
0,0,0
-154.3455516,-4.36763189,476.0867825
-62.29308924,-61.28460473,492.812356
-32.24881027,-54.77731005,496.4470874
0,0,0
98.01259678,-139.6350486,470.5271874
56.55138508,-153.2777144,473.0836428
27.53452384,-128.132099,483.0365051
7.622427215,-122.4940436,485.2188763
-13.00962199,-129.1169967,483.3836995
17.71504913,-178.2753176,467.3374992
31.32749731,-191.1294634,461.5066263
64.63228909,-177.3226645,463.551065
56.55138508,-153.2777144,473.0836428
0,0,0
64.63228909,-177.3226645,463.551065
109.0963312,-190.4564826,449.8050342
98.01259678,-139.6350486,470.5271874
0,0,0
98.01259678,-139.6350486,470.5271874
85.52764263,-114.1478627,479.7452843
0,0,0
98.01259678,-139.6350486,470.5271874
98.84414615,-112.1623856,477.6501691
0,0,0
-441.8378537,-3.202948204,235.0942411
-462.6237616,-5.532290179,190.9159474
-420.7854901,-70.52106658,261.6612323
-441.8378537,-3.202948204,235.0942411
0,0,0
-262.7003753,-289.217741,312.7968368
-274.1827846,-274.0553934,316.5717802
-300.1402064,-232.6534439,326.019143
0,0,0
383.336377,247.0913044,206.1537275
346.2966831,286.9557343,219.6252806
343.2605296,278.7887975,234.4125961
383.336377,247.0913044,206.1537275
0,0,0
415.6456711,165.285039,224.5434969
410.5463367,177.7310347,224.4184367
390.2740864,199.17329,241.9016082
328.0265159,229.2953164,300.5370406
0,0,0
-483.8606402,125.8789158,23.10042107
-459.3837943,175.4151566,93.25396685
-454.9734442,172.6851065,116.9584073
-426.6414274,169.9492117,198.9839388
-413.4096611,198.9061263,200.0726243
-382.2324507,219.5356047,237.0711326
-349.8491965,220.8430385,281.6631713
-367.6438237,195.4269057,277.752756
-381.7998032,201.7079695,253.067294
-422.4721083,144.3816385,226.211207
-472.8716113,133.1915387,95.66976134
-459.3837943,175.4151566,93.25396685
0,0,0
-381.7998032,201.7079695,253.067294
-382.2324507,219.5356047,237.0711326
0,0,0
-405.2945871,86.05051469,280.7701134
-422.4721083,144.3816385,226.211207
-432.6789443,103.7749675,229.1722873
-435.1005752,86.91091292,231.5906575
0,0,0
-458.6122516,80.88271246,183.3931282
-472.8716113,133.1915387,95.66976134
-485.9853746,91.49516833,77.11744195
-490.5874934,52.60607098,84.00453899
0,0,0
-369.3083396,299.1113861,156.9840088
-396.4677445,281.443133,118.7574859
-360.4108215,288.8611676,192.7784106
-369.3083396,299.1113861,156.9840088
0,0,0
-317.565681,282.7659852,263.999405
-305.6227377,299.9278765,259.1105191
-212.9474006,342.6158265,296.2567299
-120.7696621,378.9711405,303.8022603
-64.81996697,426.3655994,253.9901525
-22.02648824,429.0872,256.708509
0,0,0
-496.3187346,56.80285977,30.68222237
-499.8502738,15.43004686,20.29451736
-498.5806802,-5.823450534,-43.4009537
-492.0935939,-12.66493872,-90.46404915
-484.9967917,29.53750544,-120.0245716
-473.3841534,95.21405672,-131.6889391
0,0,0
-492.0935939,-12.66493872,-90.46404915
-475.1437501,-48.26062957,-149.6982913
-457.522467,-96.78580537,-178.3422274
-412.6400142,-52.31649587,-278.3728667
-377.2483186,-49.2749068,-325.2013832
0,0,0
-475.1437501,-48.26062957,-149.6982913
-458.3517303,-5.241127951,-200.9638571
-431.4933093,13.53817656,-253.2399885
-374.2844619,16.59416678,-331.8674814
0,0,0
-309.0149189,-380.2047168,102.246776
-302.7934992,-324.8272789,230.8756933
-265.8108654,-344.0988043,247.8726421
-181.6143944,-368.1208137,286.3625819
-190.3472975,-408.5609766,217.5915549
-221.514986,-410.0690876,182.4135532
-249.1835549,-407.8871072,148.4449856
-309.0149189,-380.2047168,102.246776
0,0,0
-187.126572,-437.0394803,-156.4621
-212.2167176,-435.038313,-127.3027139
-270.0919616,-402.1570907,-125.7786018
-297.196923,-367.8247549,-163.9487379
-308.5754613,-352.6694221,-175.8002087
-327.6853215,-338.0255447,-169.8861712
-331.9308678,-332.8390757,-171.8729143
-342.9299288,-296.8889561,-211.5567577
0,0,0
-263.5624959,-335.5485228,-261.6146968
-288.8811747,-335.8724668,-232.8896798
-327.6853215,-338.0255447,-169.8861712
-376.6557822,-299.2281036,-138.1781957
0,0,0
-297.196923,-367.8247549,-163.9487379
-323.2007492,-377.5410503,-59.19696806
-317.7562646,-384.712225,-39.08593409
-316.6841479,-387.3992222,-11.54309844
-286.4473945,-407.4648169,49.19921868
-225.8259356,-446.0148428,23.95113504
0,0,0
-490.6464008,-85.18985433,50.09039973
-485.6789565,-94.35632736,75.58495051
-476.3703421,-127.5690615,85.42646977
-458.8703792,-157.1532242,123.4548063
-451.0525377,-194.2199455,96.59436325
-471.2644982,-152.029843,72.78014545
-474.0011317,-157.5678436,31.55236591
-478.1735607,-147.5845871,8.311766236
0,0,0
-471.2644982,-152.029843,72.78014545
-476.3703421,-127.5690615,85.42646977
0,0,0
-383.8999288,-302.1377865,108.7835128
-393.9507218,-258.4002566,168.9153226
-367.3706051,-233.1689025,247.3284282
-320.6337525,-293.8330535,247.7022071
-393.9507218,-258.4002566,168.9153226
0,0,0
-380.9074312,-224.7540838,-234.2976326
-433.0770658,-197.0341009,-155.3128075
-415.2218175,-279.151427,12.86752015
-422.1940902,-264.1124817,49.96996353
-458.1784269,-139.4952339,145.3060866
-439.3521901,-145.0784864,190.8458431
-434.221165,-107.1906265,224.6383748
-409.6925602,-128.2728313,257.2903747
-389.3415603,-75.41819898,305.3285029
-409.7174533,-9.899443715,287.2870681
-375.0756384,20.23143357,330.7706223
-344.8648275,51.88210002,358.9940786
-330.8350188,55.93488043,371.3754562
-316.2237947,49.70953475,384.7489101
-319.1010685,29.24682887,384.4728613
-326.5220047,29.53750544,378.1681718
-344.8648275,51.88210002,358.9940786
0,0,0
-240.9665313,-205.9629365,387.3172467
-208.4185779,-210.4642767,403.4435953
-196.8704838,-321.7151986,329.0009021
-131.8560917,-301.9055979,376.7853912
-138.2660211,-343.2520856,336.9877789
-196.8704838,-321.7151986,329.0009021
0,0,0
-138.2660211,-343.2520856,336.9877789
-112.3917294,-351.7384598,337.8585578
-59.86737452,-342.5096818,360.0045352
-68.64456065,-386.8455473,310.062408
-112.3917294,-351.7384598,337.8585578
0,0,0
-40.24458768,-275.758654,415.7376431
4.367491533,-289.0989077,408.5376318
16.00273375,-292.535102,405.7922826
36.75890145,-280.479248,412.892752
51.05007286,-290.5232903,404.3394092
0,0,0
16.00273375,-292.535102,405.7922826
1.361628291,-340.1671818,367.1303371
0,0,0
-31.64946143,-398.0462347,301.757778
-146.9850267,-399.6294379,263.0436548
-147.9777186,-431.2453948,206.4709526
-193.8405751,-430.2073297,166.8764062
-216.4072178,-439.0815519,104.285938
-220.1315556,-440.6098745,88.91167938
-204.2760479,-451.3042532,71.3863943
-152.8676592,-470.4156662,76.42532145
-129.5452633,-469.4639021,115.4206194
-176.5005684,-453.8528555,115.608758
-192.1894163,-444.016129,128.1138379
-193.8405751,-430.2073297,166.8764062
0,0,0
194.813571,448.6269329,106.215807
231.2654924,434.4612443,90.88426277
237.3550716,436.5419014,59.94988176
271.6997829,417.5204958,48.53981398
0,0,0
237.3550716,436.5419014,59.94988176
225.3841729,445.6840785,32.6791498
256.4472578,429.6856205,10.26262717
0,0,0
-49.16098062,-441.6415705,230.295834
12.36314129,-415.6645961,278.5145352
17.44290875,-389.3277802,314.0380144
-12.90816154,-409.8185153,287.0233681
-49.16098062,-441.6415705,230.295834
0,0,0
136.6122432,-391.6047343,280.1483126
105.0821752,-410.2359622,266.7666429
63.35800273,-422.0391756,261.4745643
26.5607083,-443.8816775,229.7037988
13.64730278,-456.2770871,205.2442956
0,0,0
437.1011925,243.2836355,15.99594357
423.2994052,256.7775026,73.37014182
388.1829749,291.4709132,121.8972302
379.7482208,311.5685756,96.00292442
368.3769384,328.9065856,81.35809233
324.2376915,367.528416,101.4545852
301.0955663,375.5268546,137.190712
0,0,0
410.9326814,277.820748,66.70991928
388.1829749,291.4709132,121.8972302
342.4377937,330.9865886,153.8976466
317.2397216,337.0580711,190.3971263
0,0,0
445.0396955,198.9061263,113.4736635
446.5804015,205.6975201,93.56668863
430.2403572,245.0628709,73.05938886
423.2994052,256.7775026,73.37014182
410.9326814,277.820748,66.70991928
399.5713833,299.6947203,32.03176988
389.6094177,312.8203137,29.12392458
362.7923051,343.0401153,-34.71991676
0,0,0
358.2654913,336.9504313,-92.79275079
362.7923051,343.0401153,-34.71991676
356.6946247,349.765186,-30.55338637
343.0824534,362.8493768,-33.68990844
0,0,0
309.6974746,78.58303069,385.2433407
305.1144224,84.61593643,387.6152506
243.1017543,108.1858837,423.907539
204.0931712,134.7345909,436.6838873
186.8202684,136.8365268,443.7050848
172.1398279,142.14968,447.952674
45.44896304,180.5858187,464.5679755
0,0,0
64.41462121,239.5852749,434.6836811
183.5303422,164.4602584,435.625627
196.141193,150.7809296,435.0792959
204.0931712,134.7345909,436.6838873
0,0,0
183.5303422,164.4602584,435.625627
249.6618153,204.5022859,382.5546276
0,0,0
0.594942818,406.3628305,292.1799891
0.721259596,353.5979672,354.2149169
65.32192521,360.0295701,341.4849993
0.594942818,406.3628305,292.1799891
0,0,0
65.32192521,360.0295701,341.4849993
90.44788278,346.6277614,349.5262873
93.68642656,328.9065856,365.4361249
113.7442807,273.6898166,403.3067975
64.41462121,239.5852749,434.6836811
0.492857207,302.601857,398.6629193
0.721259596,353.5979672,354.2149169
0,0,0
165.2196125,-336.7350662,331.3792764
240.0460119,-387.8597166,206.0169954
235.3410371,-397.3390835,192.9676113
221.8283682,-407.7182946,187.238397
0,0,0
97.87601093,-290.5232903,395.621984
133.1118981,-302.1377865,376.1571886
126.6376504,-334.0334095,350.5493358
134.3616438,-353.5979672,327.7433085
0,0,0
422.0044826,-245.4436079,110.317279
440.8512595,-235.9982635,-21.33627519
415.171982,-269.1639864,-75.38715952
392.6393369,-306.8750057,-46.50088175
416.5656812,-272.7139272,50.99409002
422.0044826,-245.4436079,110.317279
0,0,0
384.1230377,2.911774543,320.8446096
410.2413908,-26.04875497,285.523578
435.3012701,-89.77698026,230.1155103
462.4863302,-71.24167723,177.5704588
492.7867817,-76.85714953,41.88575386
467.4667686,-154.5245353,89.98465548
404.4131029,-180.0425666,233.5272285
384.1230377,2.911774543,320.8446096
378.1303944,28.22938358,326.6814301
349.4668349,35.78447089,356.5005652
350.0618864,77.5763817,349.1974093
370.5397094,87.91437607,324.7639701
395.1657548,73.69061702,298.184455
378.1303944,28.22938358,326.6814301
0,0,0
467.4667686,-154.5245353,89.98465548
432.5027255,-137.3966047,211.101434
0,0,0
292.8625855,-242.5198692,325.4471832
312.644838,-268.3042249,284.1941207
373.6370614,-244.9359171,225.6147
0,0,0
367.7536695,-336.842763,42.36084967
359.5830948,-345.6813757,41.28721925
328.9798083,-364.3500978,97.57838902
337.4256544,-343.3580272,136.928605
302.1662178,-378.2093219,127.0965603
328.9798083,-364.3500978,97.57838902
0,0,0
359.5830948,-345.6813757,41.28721925
272.6779611,-411.2342924,83.86498827
264.3632851,-421.9608968,50.60933781
0,0,0
359.5830948,-345.6813757,41.28721925
348.9504084,-358.5091227,14.32031487
366.1434284,-338.8835765,-39.96450206
319.6571362,-384.712225,-17.77833485
348.9504084,-358.5091227,14.32031487
0,0,0
79.94899699,403.7115959,284.825131
60.32494055,435.3977848,239.3531294
57.01898575,458.4060892,192.6471974
85.92820374,474.1254019,135.3576637
0,0,0
57.01898575,458.4060892,192.6471974
-14.52041261,468.2411799,176.1806036
-29.24535195,487.6066339,109.0171088
0,0,0
246.5258065,-420.940026,111.9587926
271.9385544,-392.2385754,150.6604547
257.8270051,-391.7859976,174.7261215
269.9112039,-370.185363,201.5216837
293.6299437,-320.7103447,247.8438641
271.9667397,-323.7182846,267.8447586
179.2166704,-278.4259556,375.3140316
168.6803359,-279.9967356,379.0105834
155.2281679,-254.5245554,402.0220349
160.1120932,-248.4827503,403.8820254
228.7002919,-203.7046839,395.8545544
238.2825225,-208.3485365,387.7016595
252.3870301,-197.5693001,384.4052662
277.0922828,-184.5170389,373.729286
299.5625002,-185.4639975,355.4794848
320.8524824,-200.5080952,327.6437674
343.0712006,-179.3631587,317.2243033
356.5396754,-159.5011424,312.9522254
355.069695,-77.43254834,344.1365458
324.7489809,-76.71328354,373.0327352
295.4982863,-82.31912702,395.4801817
277.186114,-84.90290975,407.9946128
269.8400529,-104.9140907,408.2641662
246.9260286,-116.9809666,419.3366665
225.8657231,-59.55030689,442.64962
178.411978,-29.24682887,466.7055165
159.5890117,-28.37474018,473.5255764
112.4630821,-44.34658053,485.680642
0,0,0
437.1011925,243.2836355,15.99594357
428.3552618,235.6130081,-107.231199
408.3149946,251.887302,-142.5899795
371.6219761,273.8116987,-193.454156
0,0,0
437.1011925,243.2836355,15.99594357
482.2239074,131.085182,27.87522595
469.032118,131.2256839,-115.2776741
428.3552618,235.6130081,-107.231199
434.020472,208.3485365,-136.8114293
435.3867742,200.1078312,-144.5526295
398.4874878,214.1558244,-214.1150507
374.7577968,216.6527271,-251.2338346
0,0,0
469.032118,131.2256839,-115.2776741
462.9886929,94.07035358,-165.2043851
441.5525784,54.05367753,-229.3681985
408.9958343,85.90708943,-275.3954057
0,0,0
206.2999114,414.4441975,190.2014819
219.4251333,398.4871099,208.7124436
206.057117,402.3303587,214.8743748
0,0,0
219.4251333,398.4871099,208.7124436
220.0475629,381.2442663,238.185074
202.7279352,382.5616824,251.0939932
0,0,0
206.2999114,414.4441975,190.2014819
206.057117,402.3303587,214.8743748
202.7279352,382.5616824,251.0939932
203.2165585,371.9439852,266.1972056
204.4685622,338.6692405,306.5876753
194.8090437,321.7151986,330.2257068
204.6201279,292.6532215,350.6920945
221.8443757,264.3597739,362.4903211
236.1271132,267.3202783,351.1183635
0,0,0
202.7279352,382.5616824,251.0939932
195.4955973,373.1107378,270.3148141
189.3746109,370.6748893,277.916594
157.222003,370.283331,297.7780156
147.1003756,374.2729443,297.9622336
151.6739574,385.3633244,281.0522529
0,0,0
220.0475629,381.2442663,238.185074
240.2218277,353.0824076,261.0106069
257.5867904,328.0277855,276.6714068
194.8090437,321.7151986,330.2257068
0,0,0
257.5867904,328.0277855,276.6714068
269.379059,313.8420814,281.848045
288.8454839,310.3136475,266.0337884
0,0,0
220.0475629,381.2442663,238.185074
246.547513,378.9711405,214.698506
285.2373349,387.2147949,138.5807179
0,0,0
431.7709127,208.2161524,143.9449992
412.0095306,251.0061239,133.2078166
418.4094264,229.2953164,151.1868372
431.7709127,208.2161524,143.9449992
444.7015865,132.4896996,187.582591
442.7908186,79.58935386,219.3218542
430.7058223,24.15847419,253.7895048
439.6121995,27.93866325,237.6148042
450.2057204,47.82587783,213.3723148
477.1955346,68.64678456,134.4332204
484.9714345,66.0500099,104.5961467
496.9077381,59.83940749,-1.481586559
496.1779772,49.13002246,-43.51902799
492.5463438,55.64551599,-69.29592872
490.9769296,28.66544614,-92.84501519
495.1817392,10.91834996,-71.94501212
498.7240093,15.57556655,-39.14095401
496.1779772,49.13002246,-43.51902799
0,0,0
490.9769296,28.66544614,-92.84501519
484.4855804,33.31535521,-121.0952497
0,0,0
-291.0051237,379.5411579,-147.5289038
-268.482745,409.6512938,-102.9712734
-272.485522,414.6889092,-65.45990313
-271.7303055,419.9131357,-18.32619734
-229.7928158,440.8858145,57.57786375
-180.7750477,446.2128485,136.8017761
-149.256126,436.5419014,194.0464563
-235.8466593,372.138759,237.4644128
-244.453567,366.9348987,236.8575177
-341.3155709,331.6413341,154.9772775
-419.5128841,261.7587584,77.40505486
-412.4957751,273.2020568,75.55211206
-348.5067878,350.7012301,77.79406176
-335.6811905,370.6748893,20.45763389
-291.0051237,379.5411579,-147.5289038
0,0,0
-271.7303055,419.9131357,-18.32619734
-296.1947611,403.3671053,7.99323907
-268.2221687,416.7964953,69.55429345
-229.7928158,440.8858145,57.57786375
0,0,0
-180.7750477,446.2128485,136.8017761
-217.6821066,429.2370231,137.3693141
-249.1524903,405.2550331,155.5366347
-248.5184204,392.6903235,185.8309839
-330.2101217,340.8074311,159.09689
-341.3155709,331.6413341,154.9772775
0,0,0
5.176284161,500.457121,4.015740521
-3.611455607,499.6103783,-29.60873576
-22.0202871,495.6696088,-65.77990456
-59.12561746,489.1966551,-87.69859753
-53.28131849,485.1000703,-111.0822798
-99.92206064,475.5518767,-119.8592689
-100.4939378,481.4709989,-92.66550413
-59.12561746,489.1966551,-87.69859753
0,0,0
106.8967356,488.8557178,-9.665663273
192.5423264,457.9373138,-61.00097723
234.3915162,425.3712928,-120.913731
175.6229664,444.2845812,-149.2247788
131.6192085,471.937683,-102.2323693
106.8967356,488.8557178,-9.665663273
0,0,0
131.6192085,471.937683,-102.2323693
192.5423264,457.9373138,-61.00097723
0,0,0
-64.38933652,-487.5079491,93.22157983
-92.27402499,-490.6257229,35.66727271
-92.62897855,-491.7977047,-7.425632187
-77.9043009,-493.7078432,26.14833546
-62.46768055,-488.6046195,88.67674242
-64.38933652,-487.5079491,93.22157983
0,0,0
-161.1838119,-430.5046485,-197.9539754
-160.7415916,-453.4839131,-137.8939133
-168.7994386,-428.1098122,-196.7968196
0,0,0
-455.2114626,150.6420975,-143.4912288
-420.8200214,234.0701951,-136.4620948
-437.7763973,237.0247319,-51.68512766
0,0,0
56.66905056,-313.1611415,-386.2887109
74.53635138,-310.3136475,-385.5515821
101.1855025,-301.9055979,-386.1537959
114.1472183,-301.5571233,-382.7975496
117.8561787,-307.564612,-376.8476888
116.463688,-317.2323992,-369.1883859
111.8009859,-325.0487482,-363.7912875
100.9837604,-335.5485228,-357.3649661
76.58653286,-345.5760753,-353.8529767
53.90372903,-336.9504313,-366.1407446
0,0,0
-255.7958918,260.5167405,-342.3444752
-269.5185081,243.4108579,-344.3997358
-264.8529031,225.0142148,-360.169117
-252.9301849,221.757131,-370.6080766
-242.2264026,219.9280304,-378.7588696
-227.2693827,226.313726,-384.2277646
-214.6942894,249.1143855,-377.2911807
0,0,0
-247.0589141,-432.1294731,-52.21361357
-259.0789237,-427.8833913,-17.15123234
0,0,0
-269.2277718,-420.3088049,-36.8397257
-224.9200791,-446.3446636,-26.22306867
0,0,0
-454.3421425,-209.2747309,-16.65997006
-461.5592104,-192.4742106,-20.42115335
-476.1116211,-150.7809296,-32.91026484
-475.7836331,-142.2892681,-62.3213339
-454.1765829,-198.7725193,-68.65396648
-461.5592104,-192.4742106,-20.42115335
0,0,0
-381.0119214,310.3136475,-95.05580438
-371.6526937,330.6588376,-55.12946934
0,0,0
170.5015232,234.7133815,-407.8469187
194.8977811,271.9810406,-372.2115239
203.2600763,287.6710024,-355.5713511
222.1211882,323.3850518,-310.7805271
228.1089555,355.5502626,-268.4223634
0,0,0
322.5285928,252.0130994,-288.0363771
275.3447583,279.6346024,-310.6284005
222.1211882,323.3850518,-310.7805271
156.1182962,354.7295638,-316.6926967
118.2457395,392.9609737,-286.5307458
0,0,0
304.2140933,98.07104519,-385.1442659
307.3427273,126.1607138,-374.3316341
308.8177105,137.2566026,-369.1781368
319.6005107,139.0757193,-359.1847823
316.1689166,130.2419383,-365.4784586
307.3427273,126.1607138,-374.3316341
0,0,0
-175.268128,468.2925827,21.98613951
-171.1157759,469.6654662,-25.17917942
-185.4002125,451.2412887,-111.8405585
-161.5631225,428.8621931,-201.1835649
-128.6284624,427.0503946,-227.1187555
-97.15188075,439.8479649,-218.1639976
-45.60137977,456.2172328,-200.7152227
13.6363379,477.9442886,-147.9309206
46.42195128,479.5154862,-135.6840114
76.8294622,471.1077728,-150.5156141
59.20497813,462.956896,-180.7371932
-7.718010718,419.1191332,-273.4590179
-34.61931627,410.9020719,-283.6569059
-39.36140884,396.0963934,-303.4115631
-4.623733391,391.6047343,-311.6482042
-7.718010718,419.1191332,-273.4590179
0,0,0
375.9096451,45.79656014,-327.253516
369.8454534,86.91091292,-325.8237005
363.7590633,88.05769829,-332.3032285
0,0,0
301.7365634,-365.8438821,-160.0423389
322.7941397,-365.3467265,-113.2517675
344.1231128,-355.4477805,-75.73908233
0,0,0
292.9269179,-398.3990023,-77.28069454
297.7409245,-390.6964311,-95.9525432
322.7941397,-365.3467265,-113.2517675
335.0605274,-344.4158436,-140.0443488
337.4183007,-330.6588376,-165.2690942
339.2335375,-318.6940494,-183.9971735
339.103845,-303.7602394,-207.9388113
0,0,0
-78.09982254,299.8113111,-393.082492
-128.5180932,314.5220653,-367.504041
-143.5541716,262.2549459,-401.3910726
-110.5904469,257.1523111,-414.9008218
-78.09982254,299.8113111,-393.082492
-62.96418463,302.1377865,-394.0158872
-6.518497555,302.949641,-398.3456717
-31.12372618,360.1306898,-346.1754612
-146.4556969,361.9456265,-313.1235256
-165.2949957,353.4949151,-313.3993609
-135.1997862,337.8107506,-343.6643197
-31.12372618,360.1306898,-346.1754612
0,0,0
-110.5904469,257.1523111,-414.9008218
-177.8192772,183.2983971,-430.4442499
-196.1936957,164.1852201,-430.1761236
0,0,0
-110.5904469,257.1523111,-414.9008218
-26.14432666,232.9112126,-442.2319428
-57.24049624,220.1895545,-445.8030234
-88.54921189,210.2000575,-445.5055812
-95.30819075,124.3282677,-475.3515337
0,0,0
-26.14432666,232.9112126,-442.2319428
-4.255313691,244.5549314,-436.6635179
-78.09982254,299.8113111,-393.082492
0,0,0
-4.255313691,244.5549314,-436.6635179
14.41867531,240.8625109,-438.4947008
17.89091941,177.867128,-467.4863097
47.9812698,185.5992146,-462.3321093
92.73259256,175.6878366,-459.3851329
96.86682403,156.1853141,-465.535408
0,0,0
109.7625942,-488.1588314,12.38459626
74.37318447,-481.7088458,113.690225
142.1864146,-464.9231108,118.868728
148.3481808,-466.2056093,105.5717627
207.0172823,-440.1255444,118.040671
0,0,0
215.469285,-367.7260064,-262.3944006
228.2016028,-402.0704056,-191.7385392
247.4019272,-409.9020741,-145.8520692
0,0,0
228.2016028,-402.0704056,-191.7385392
180.9440151,-426.5180288,-189.3195302
0,0,0
310.8395978,370.283331,-129.496136
296.1514937,384.9914631,-120.7315872
279.7927176,395.6509825,-125.206171
297.4465272,380.3940157,-131.6290481
310.8395978,370.283331,-129.496136
337.0683906,349.3483964,-121.8230189
337.7384392,342.1910738,-139.062093
312.7039137,363.2502457,-144.1033356
310.8395978,370.283331,-129.496136
0,0,0
337.7384392,342.1910738,-139.062093
355.6762574,306.4147487,-173.5069213
0,0,0
-314.2767678,-213.7609766,-325.6326276
-353.368608,-138.376293,-326.317144
-322.3348053,-81.60100605,-374.0879563
-285.2448629,-127.7098371,-390.9294255
-257.8426317,-235.9982635,-358.220947
-251.2211735,-248.6091194,-354.3750524
0,0,0
-285.2448629,-127.7098371,-390.9294255
-353.368608,-138.376293,-326.317144
0,0,0
-257.6716026,-368.4165921,-219.9427423
-205.4414119,-394.9365845,-228.7338421
-225.4886224,-352.0490488,-275.1664922
-222.5920101,-329.4549315,-303.9942354
-195.9216317,-310.884464,-339.8026107
-190.3319688,-299.8113111,-352.6856524
-222.4855576,-277.0937233,-352.4478616
-256.9316401,-296.0678764,-311.175505
-242.3473503,-326.0439976,-292.341108
-259.9162754,-342.1910738,-256.610695
-257.6716026,-368.4165921,-219.9427423
-284.9770541,-360.4338663,-198.433255
0,0,0
62.60167291,313.5017309,-385.0947225
76.99358909,305.3776545,-388.9945056
94.28352291,300.5103228,-388.9786796
107.1337837,270.2677538,-407.4039073
90.59080485,275.2724736,-408.0669325
76.99358909,305.3776545,-388.9945056
0,0,0
-5.885831456,-482.8760556,131.5154817
14.45404249,-486.3635929,117.225365
36.30620754,-483.2948234,124.9328737
39.65756612,-474.1254019,155.346808
0,0,0
280.9932817,-278.3049611,-306.739913
300.9466431,-267.197183,-297.5517323
322.1047858,-266.4581373,-275.2250317
290.9758401,-327.147209,-242.5036373
241.5383445,-347.5717714,-267.1204633
280.9932817,-278.3049611,-306.739913
0,0,0
-197.4464137,-459.7399817,12.42227542
-187.3438134,-463.8917261,-14.38791174
-175.934111,-467.6731349,-28.79717833
-182.754224,-464.4363286,-37.41711294
-152.5865489,-474.7743974,-42.50725403
-152.0166607,-476.3624144,-21.68029208
-175.934111,-467.6731349,-28.79717833
0,0,0
-167.7234781,-354.9349188,-310.4678539
-159.4198568,-379.0662236,-285.2969634
-135.7020715,-384.3394519,-290.4623615
-133.0580593,-369.4004927,-310.3853715
-167.7234781,-354.9349188,-310.4678539
0,0,0
71.11655559,-494.850777,-23.77801568
-44.24797947,-497.4454217,-33.0214894
89.95593584,-488.4145593,-62.1240522
71.11655559,-494.850777,-23.77801568
0,0,0
-53.32378746,108.8965073,-485.5907478
-132.516725,81.60100605,-475.6898605
-174.0144915,-91.78142519,-460.212317
-103.4910803,-135.5756753,-470.5412655
-35.96037418,39.84931368,-497.613438
-53.32378746,108.8965073,-485.5907478
0,0,0
-132.516725,81.60100605,-475.6898605
-189.5684252,17.3216965,-462.8866179
-222.2103446,-32.15313283,-447.3130769
-214.1239699,-41.01022357,-450.5211838
0,0,0
-35.96037418,39.84931368,-497.613438
-26.38254472,23.72220551,-499.2408921
3.820704842,11.35501045,-500.3565888
11.88949692,21.83150338,-499.8822615
1.38128675,25.61256841,-499.8423135
0,0,0
-174.0144915,-91.78142519,-460.212317
-181.3411614,-143.1265436,-443.9937226
-187.3326393,-158.5348216,-436.2034417
-191.0668249,-171.4546716,-429.6475462
-174.2332177,-183.1629148,-431.9657191
0,0,0
-103.4910803,-135.5756753,-470.5412655
-79.04313992,-180.1784025,-460.2044929
-74.86675718,-211.52044,-447.3860996
-66.76366578,-205.0336746,-451.6680808
0,0,0
162.9508454,-418.4813775,-220.9538609
107.6361639,-457.8785424,-171.0612365
133.1378569,-457.9373138,-151.8814595
163.5171066,-454.9513833,-129.5439875
162.9508454,-418.4813775,-220.9538609
0,0,0
107.6361639,-457.8785424,-171.0612365
47.60175573,-461.5615863,-187.6039042
29.74782684,-474.4508832,-156.5620523
73.9077489,-478.3744039,-127.262816
107.6361639,-457.8785424,-171.0612365
0,0,0
47.60175573,-461.5615863,-187.6039042
52.75362605,-442.6648583,-227.5195115
31.77748088,-443.0040824,-230.7332327
24.18156258,-439.778477,-237.7191478
8.296913282,-448.5623694,-221.8630478
31.77748088,-443.0040824,-230.7332327
0,0,0
8.296913282,-448.5623694,-221.8630478
-13.28985475,-452.6176772,-213.2155436
0,0,0
374.3276897,-269.2867185,-194.5859552
391.685387,-267.8124329,-159.2460624
402.2949466,-271.6142865,-122.0028908
405.5894631,-269.1639864,-116.3966745
419.1074527,-247.3444831,-116.9183464
419.3099765,-227.6113223,-151.2365021
374.3276897,-269.2867185,-194.5859552
359.9043073,-257.0273967,-234.3204151
348.8304247,-272.8359942,-233.1911342
370.9504208,-272.591837,-196.4426778
374.3276897,-269.2867185,-194.5859552
0,0,0
102.8572452,-443.8143953,207.2424174
119.0112065,-452.8659398,176.7739328
120.9225157,-439.4304792,206.8304841
111.493011,-430.4303734,229.7808785
102.8572452,-443.8143953,207.2424174
0,0,0
-50.64623793,-303.2971943,-394.9000133
-45.88184804,-301.9055979,-396.5452257
-29.68573986,-315.2010911,-387.6432368
-20.72642499,-322.4952276,-382.1877725
-36.16983332,-341.3401792,-364.2511156
-75.58141213,-342.828029,-356.7304903
-104.1517539,-337.1656824,-354.9252946
-114.7364457,-308.2532815,-377.247548
-124.0436856,-282.0447875,-394.4162166
-158.2582821,-236.6399564,-411.6504551
-172.5621739,-222.800682,-413.6210853
-188.6377613,-216.1276107,-410.1279079
-214.2332065,-166.7958273,-420.4563417
-225.7217886,-169.5383291,-413.287647
-230.4231874,-192.4742106,-400.4486021
0,0,0
-188.6377613,-216.1276107,-410.1279079
-223.5101286,-244.3008374,-375.3139663
-226.6494187,-220.3202886,-388.0583222
0,0,0
101.9277394,-41.44550786,-488.2553183
75.77702384,-71.81805731,-489.4897949
61.55159007,-125.8789158,-480.4853279
0,0,0
-265.982729,133.0511934,-402.5553599
-247.4085281,135.0149981,-413.5942704
-257.77578,155.770297,-399.7343015
-265.982729,133.0511934,-402.5553599
-291.2806781,91.49516833,-396.5910371
-277.6127808,55.93488043,-412.6774565
-266.5943329,39.12363501,-421.7784405
-269.1448665,-29.828172,-420.9175347
-214.1239699,-41.01022357,-450.5211838
-193.8441642,-72.82648801,-455.6544663
-83.02136117,-111.3108954,-480.8509001
-47.08665221,-132.9108368,-480.2268283
-39.52074227,-111.4528341,-486.329751
-2.116209833,-85.04638564,-493.2168731
46.39012241,-25.17636234,-497.7091091
11.88949692,21.83150338,-499.8822615
1.38128675,25.61256841,-499.8423135
15.82530821,83.18064219,-493.2857087
0,0,0
233.7179242,166.9330872,-409.8896514
214.2997776,159.0870857,-423.3995212
201.3370702,154.801463,-431.2773367
0,0,0
214.2997776,159.0870857,-423.3995212
203.6977942,150.3643951,-431.7383552
0,0,0
117.1135915,-249.2406493,-417.9279309
127.6266614,-232.3955964,-424.504384
107.154672,-221.757131,-435.7085048
88.27220516,-227.2222451,-437.1250612
117.1135915,-249.2406493,-417.9279309
0,0,0
88.27220516,-227.2222451,-437.1250612
55.01900304,-214.9450303,-448.6332503
39.73405056,-248.8617945,-432.4225508
10.91995238,-253.521002,-431.4024874
43.47436551,-282.6458454,-410.7572953
39.73405056,-248.8617945,-432.4225508
0,0,0
43.47436551,-282.6458454,-410.7572953
117.1135915,-249.2406493,-417.9279309
135.9965663,-325.8230239,-354.7457414
126.0132053,-350.5973438,-334.2191266
0,0,0
-70.79951692,-491.3598818,-63.66431497
-41.31082821,-490.7976366,-88.94574401
-35.5827747,-491.1089284,-89.7002599
-35.63816182,-488.6676422,-102.147476
-41.31082821,-490.7976366,-88.94574401
0,0,0
219.9792388,92.2107522,-440.0074564
182.1138268,27.21182125,-465.3969498
142.1551845,-42.60611076,-477.9925448
204.9477057,-11.35501045,-456.4731664
235.8660375,8.734929422,-441.351519
271.2809406,-7.133646319,-420.5425215
239.8368932,55.79020057,-435.7361222
229.8413252,77.14486199,-437.8605777
219.9792388,92.2107522,-440.0074564
136.820584,119.9514626,-466.2531763
124.304912,130.1013591,-467.0355182
0,0,0
439.6152786,-2.766187337,-239.2300253
454.9854742,-12.08275856,-208.1885568
466.7454547,-1.019126135,-180.6872766
458.217244,11.93721094,-200.9843535
439.6152786,-2.766187337,-239.2300253
397.2531868,-48.69534456,-300.5310616
361.1693328,-98.78477744,-332.1122262
338.2035195,-78.15164934,-360.5703109
329.7997292,-82.60632673,-367.2990382
0,0,0
397.2531868,-48.69534456,-300.5310616
427.4666965,-119.9514626,-231.050038
0,0,0
439.6152786,-2.766187337,-239.2300253
436.714093,-18.77664448,-243.7795901
446.4738981,-67.7813986,-215.7938606
474.8329898,-66.0500099,-143.7750952
487.8644468,-52.75085187,-98.51842039
485.0952678,-79.01435218,-94.54926367
462.1061069,-136.4163468,-135.4576551
463.7279218,-117.5471153,-147.1031618
474.8329898,-66.0500099,-143.7750952
0,0,0
485.772125,-79.87681433,-90.2517984
463.8937552,-172.0016771,-75.61915733
463.2654451,-176.3692762,-69.13216175
464.3443449,-178.6833715,-54.37676083
0,0,0
485.0952678,-79.01435218,-94.54926367
455.4260972,-180.7215935,-102.1128083
451.5602217,-191.1294634,-100.3152251
445.7725712,-201.5747183,-105.6158023
0,0,0
-39.51177254,-382.7493673,-320.0656053
-42.72189692,-412.6400132,-280.0059088
-41.67438034,-416.7964953,-273.9419236
-30.82060479,-436.3994034,-243.1170521
0,0,0
-42.72189692,-412.6400132,-280.0059088
-74.07997561,-414.8518749,-270.0191273
0,0,0
-78.21435034,-400.5042639,-289.7914768
-74.07997561,-414.8518749,-270.0191273
-77.63434378,-429.2370231,-245.4154369
0,0,0
-120.2663559,-457.7019959,162.9267828
-96.66869557,-466.0465384,154.77738
-64.32647518,-477.5972844,135.1413649
-49.3692222,-471.7920663,159.6094486
-96.66869557,-466.0465384,154.77738
-143.1928246,-458.6395461,140.163589
-120.2663559,-457.7019959,162.9267828
0,0,0
-61.81836839,-463.8917261,177.4350748
-96.66869557,-466.0465384,154.77738
-107.4923231,-471.4508969,129.1499216
0,0,0
217.0944896,204.2364877,-402.0667727
171.7001698,208.8778965,-421.1761224
152.1290976,182.6208306,-440.4618257
0,0,0
-249.1688844,393.5913266,-183.032742
-287.4773725,360.5348641,-194.606326
-416.6836713,157.982343,-227.8520296
-427.6919706,136.2762636,-221.3788794
0,0,0
-309.3562693,310.3136475,-241.876805
-340.4261183,253.1443153,-265.5715792
-392.2769311,164.4602584,-263.7648247
-370.8976451,118.6789345,-314.4049894
-335.0545763,227.8706107,-293.7918747
-275.0791908,274.9075936,-315.0515891
-267.2769562,324.2731247,-271.8643398
-309.3562693,310.3136475,-241.876805
-287.4773725,360.5348641,-194.606326
0,0,0
-275.0791908,274.9075936,-315.0515891
-249.6013979,303.8759365,-309.6107353
0,0,0
-340.4261183,253.1443153,-265.5715792
-339.2614221,248.3563601,-271.5162166
-335.0545763,227.8706107,-293.7918747
0,0,0
402.115636,-139.0757193,-263.5549461
392.8618755,-143.545018,-274.8720149
369.9821459,-144.9391413,-304.3125154
346.6793746,-148.2800111,-329.1302167
279.3279242,-127.7098371,-395.178894
276.8186577,-108.6122854,-402.5854595
0,0,0
369.9821459,-144.9391413,-304.3125154
367.0443753,-186.0047717,-284.9226237
362.9332754,-190.8603195,-286.9704271
346.6793746,-148.2800111,-329.1302167
0,0,0
346.6793746,-148.2800111,-329.1302167
339.2085836,-169.9492117,-326.4277137
288.1719985,-153.1391137,-379.4806466
279.3279242,-127.7098371,-395.178894
0,0,0
339.2085836,-169.9492117,-326.4277137
330.5749675,-211.52044,-310.611565
0,0,0
288.1719985,-153.1391137,-379.4806466
300.0614311,-213.6293245,-338.8597044
304.0552808,-226.7032065,-326.5827497
0,0,0
258.9621124,-425.5246594,-48.65838684
206.8913307,-455.7370093,-0.075227814
211.6298363,-453.1754057,18.57724495
225.329542,-445.8164974,31.21695346
258.9621124,-425.5246594,-48.65838684
224.3955259,-434.5335067,-106.4308676
0,0,0
194.8221461,-453.4222883,-83.3835107
258.9621124,-425.5246594,-48.65838684
0,0,0
-54.84656043,-467.3612736,-170.4862009
-115.9985025,-447.6544979,-191.4420224
-117.6600751,-458.347628,-163.0147498
-117.608141,-466.2585541,-138.8219575
-54.84656043,-467.3612736,-170.4862009
0,0,0
17.02453542,-359.726028,-347.573877
40.86448102,-359.8272392,-345.4774988
48.08388493,-359.5235145,-344.8637884
134.9073335,-372.5279289,-305.8156366
102.9614996,-407.1263641,-272.3000244
76.12751327,-399.3663304,-291.9098934
41.14631673,-378.1139505,-325.3260996
17.02453542,-359.726028,-347.573877
